task,arm,family,perturb,level,secs,auc,bacc,acc,mae,rmse,r
T1_atn,trivial,tabular,mcar,0.0,0.0,0.4318785310734463,0.5,0.5305039787798409,,,
T1_atn,logreg,tabular,mcar,0.0,0.0,0.7424293785310736,0.6397598870056498,0.6419098143236074,,,
T1_atn,xgboost,tabular,mcar,0.0,1.4,0.7936440677966101,0.6981073446327684,0.6976127320954907,,,
T1_atn,tabpfn,tabular,mcar,0.0,17.0,0.6846892655367233,0.6316101694915255,0.6339522546419099,,,
T1_atn,trivial,tabular,mcar,0.1,0.0,0.4318785310734463,0.5,0.5305039787798409,,,
T1_atn,logreg,tabular,mcar,0.1,0.0,0.7214971751412429,0.6343361581920903,0.6392572944297082,,,
T1_atn,xgboost,tabular,mcar,0.1,1.0,0.7673163841807911,0.6746327683615819,0.6737400530503979,,,
T1_atn,tabpfn,tabular,mcar,0.1,16.0,0.6766949152542373,0.620409604519774,0.6206896551724138,,,
T1_atn,trivial,tabular,mcar,0.2,0.0,0.4318785310734463,0.5,0.5305039787798409,,,
T1_atn,logreg,tabular,mcar,0.2,0.0,0.7161299435028249,0.6298870056497174,0.636604774535809,,,
T1_atn,xgboost,tabular,mcar,0.2,1.0,0.70545197740113,0.6346327683615819,0.6312997347480106,,,
T1_atn,tabpfn,tabular,mcar,0.2,17.5,0.6857344632768361,0.6040112994350282,0.6074270557029178,,,
T1_atn,trivial,tabular,mcar,0.3,0.0,0.4318785310734463,0.5,0.5305039787798409,,,
T1_atn,logreg,tabular,mcar,0.3,0.0,0.7242655367231638,0.6379378531073446,0.6472148541114059,,,
T1_atn,xgboost,tabular,mcar,0.3,0.9,0.6395197740112993,0.6033333333333333,0.5994694960212201,,,
T1_atn,tabpfn,tabular,mcar,0.3,17.7,0.6509322033898305,0.6197598870056498,0.6206896551724138,,,
T1_atn,trivial,tabular,mcar,0.5,0.0,0.4318785310734463,0.5,0.5305039787798409,,,
T1_atn,logreg,tabular,mcar,0.5,0.0,0.6675706214689265,0.599590395480226,0.6127320954907162,,,
T1_atn,xgboost,tabular,mcar,0.5,1.0,0.6301129943502825,0.5790819209039548,0.5702917771883289,,,
T1_atn,tabpfn,tabular,mcar,0.5,17.4,0.6194632768361582,0.602683615819209,0.5994694960212201,,,
T1_atn,trivial,tabular,noise,0.25,0.0,0.4318785310734463,0.5,0.5305039787798409,,,
T1_atn,logreg,tabular,noise,0.25,0.0,0.7296892655367233,0.6472598870056496,0.649867374005305,,,
T1_atn,xgboost,tabular,noise,0.25,0.9,0.7364406779661017,0.6831073446327685,0.6816976127320955,,,
T1_atn,tabpfn,tabular,noise,0.25,17.2,0.6942655367231639,0.6518079096045197,0.649867374005305,,,
T1_atn,trivial,tabular,noise,0.5,0.0,0.4318785310734463,0.5,0.5305039787798409,,,
T1_atn,logreg,tabular,noise,0.5,0.0,0.7345197740112994,0.6482344632768362,0.649867374005305,,,
T1_atn,xgboost,tabular,noise,0.5,1.0,0.7720338983050847,0.7156073446327684,0.7161803713527851,,,
T1_atn,tabpfn,tabular,noise,0.5,17.5,0.7161864406779662,0.6483333333333333,0.6472148541114059,,,
T1_atn,trivial,tabular,noise,1.0,0.0,0.4318785310734463,0.5,0.5305039787798409,,,
T1_atn,logreg,tabular,noise,1.0,0.0,0.6941242937853108,0.6285593220338983,0.6286472148541115,,,
T1_atn,xgboost,tabular,noise,1.0,0.9,0.7362994350282486,0.6796327683615819,0.6790450928381963,,,
T1_atn,tabpfn,tabular,noise,1.0,16.9,0.678276836158192,0.6386581920903955,0.636604774535809,,,
T3_l2c,trivial,tabular,mcar,0.0,0.0,0.3992332526230832,0.5,0.5291479820627802,,,
T3_l2c,logreg,tabular,mcar,0.0,0.0,0.8261501210653752,0.7480629539951573,0.7533632286995515,,,
T3_l2c,xgboost,tabular,mcar,0.0,0.8,0.8398708635996772,0.7369249394673123,0.7399103139013453,,,
T3_l2c,tabpfn,tabular,mcar,0.0,10.2,0.8422114608555287,0.7761501210653753,0.7847533632286996,,,
T3_l2c,trivial,tabular,mcar,0.1,0.0,0.3992332526230832,0.5,0.5291479820627802,,,
T3_l2c,logreg,tabular,mcar,0.1,0.0,0.8148506860371266,0.7438256658595641,0.7488789237668162,,,
T3_l2c,xgboost,tabular,mcar,0.1,0.8,0.8217917675544795,0.7443502824858756,0.7488789237668162,,,
T3_l2c,tabpfn,tabular,mcar,0.1,9.9,0.8236481033091202,0.7502017756255044,0.757847533632287,,,
T3_l2c,trivial,tabular,mcar,0.2,0.0,0.3992332526230832,0.5,0.5291479820627802,,,
T3_l2c,logreg,tabular,mcar,0.2,0.0,0.7852300242130751,0.7110169491525424,0.7174887892376681,,,
T3_l2c,xgboost,tabular,mcar,0.2,0.8,0.8112994350282486,0.7491121872477805,0.7533632286995515,,,
T3_l2c,tabpfn,tabular,mcar,0.2,10.3,0.8204196933010492,0.7597255851493139,0.7668161434977578,,,
T3_l2c,trivial,tabular,mcar,0.3,0.0,0.3992332526230832,0.5,0.5291479820627802,,,
T3_l2c,logreg,tabular,mcar,0.3,0.0,0.8004842615012107,0.712590799031477,0.7174887892376681,,,
T3_l2c,xgboost,tabular,mcar,0.3,0.8,0.7403551251008879,0.6855932203389831,0.6905829596412556,,,
T3_l2c,tabpfn,tabular,mcar,0.3,10.3,0.8041969330104923,0.7538740920096852,0.757847533632287,,,
T3_l2c,trivial,tabular,mcar,0.5,0.0,0.3992332526230832,0.5,0.5291479820627802,,,
T3_l2c,logreg,tabular,mcar,0.5,0.0,0.789588377723971,0.6924939467312349,0.6995515695067265,,,
T3_l2c,xgboost,tabular,mcar,0.5,0.8,0.7248587570621469,0.6596852300242131,0.6681614349775785,,,
T3_l2c,tabpfn,tabular,mcar,0.5,10.2,0.8001614205004035,0.729499596448749,0.7309417040358744,,,
T3_l2c,trivial,tabular,noise,0.25,0.0,0.3992332526230832,0.5,0.5291479820627802,,,
T3_l2c,logreg,tabular,noise,0.25,0.0,0.8188054882970138,0.7390637610976594,0.7443946188340808,,,
T3_l2c,xgboost,tabular,noise,0.25,0.8,0.8227602905569007,0.7426957223567393,0.7399103139013453,,,
T3_l2c,tabpfn,tabular,noise,0.25,9.8,0.8467312348668281,0.7523002421307505,0.757847533632287,,,
T3_l2c,trivial,tabular,noise,0.5,0.0,0.3992332526230832,0.5,0.5291479820627802,,,
T3_l2c,logreg,tabular,noise,0.5,0.0,0.8072639225181598,0.699313962873285,0.6995515695067265,,,
T3_l2c,xgboost,tabular,noise,0.5,0.8,0.7816787732041969,0.6738498789346248,0.6681614349775785,,,
T3_l2c,tabpfn,tabular,noise,0.5,10.2,0.8046004842615012,0.7167877320419693,0.7174887892376681,,,
T3_l2c,trivial,tabular,noise,1.0,0.0,0.3992332526230832,0.5,0.5291479820627802,,,
T3_l2c,logreg,tabular,noise,1.0,0.0,0.7443099273607748,0.6680387409200969,0.6636771300448431,,,
T3_l2c,xgboost,tabular,noise,1.0,0.8,0.7338175948345441,0.6261501210653753,0.6143497757847534,,,
T3_l2c,tabpfn,tabular,noise,1.0,10.4,0.7769168684422922,0.6632364810330912,0.6547085201793722,,,
T2_brainage,trivial,tabular,mcar,0.0,0.0,,,,9.065832593681364,11.628912324109232,-0.1560343872785565
T2_brainage,logreg,tabular,mcar,0.0,0.0,,,,6.161294796336422,7.7785034087405736,0.7392103510807576
T2_brainage,xgboost,tabular,mcar,0.0,0.8,,,,5.680101247025717,7.384085527051612,0.7713726434118717
T2_brainage,tabpfn,tabular,mcar,0.0,6.0,,,,5.277968876133024,7.013808657472883,0.7944585367446299
T2_brainage,trivial,tabular,mcar,0.1,0.0,,,,9.065832593681364,11.628912324109232,-0.1560343872785565
T2_brainage,logreg,tabular,mcar,0.1,0.0,,,,6.657265106593725,8.671403788606906,0.6633173383072895
T2_brainage,xgboost,tabular,mcar,0.1,0.7,,,,7.9885882681737375,12.0341679924131,0.48700596164371235
T2_brainage,tabpfn,tabular,mcar,0.1,6.0,,,,5.98187039732564,8.110134599550495,0.7130011646945433
T2_brainage,trivial,tabular,mcar,0.2,0.0,,,,9.065832593681364,11.628912324109232,-0.1560343872785565
T2_brainage,logreg,tabular,mcar,0.2,0.0,,,,7.160663109055328,9.293111481652664,0.6106404785753552
T2_brainage,xgboost,tabular,mcar,0.2,0.7,,,,10.039946647620422,14.336940046044434,0.438250296165433
T2_brainage,tabpfn,tabular,mcar,0.2,6.1,,,,6.341370786306658,8.363765471170113,0.6929556117786574
T2_brainage,trivial,tabular,mcar,0.3,0.0,,,,9.065832593681364,11.628912324109232,-0.1560343872785565
T2_brainage,logreg,tabular,mcar,0.3,0.0,,,,7.960787769284534,10.217070747374969,0.5025717139921545
T2_brainage,xgboost,tabular,mcar,0.3,0.8,,,,12.024007035482779,16.30222749845708,0.34419421553814467
T2_brainage,tabpfn,tabular,mcar,0.3,6.2,,,,7.181770029451825,9.546098558586058,0.5714690790128337
T2_brainage,trivial,tabular,mcar,0.5,0.0,,,,9.065832593681364,11.628912324109232,-0.1560343872785565
T2_brainage,logreg,tabular,mcar,0.5,0.0,,,,8.358223922805047,10.909072012292498,0.39721596816966476
T2_brainage,xgboost,tabular,mcar,0.5,0.7,,,,14.227253680627781,18.468850404791635,0.25581535974693
T2_brainage,tabpfn,tabular,mcar,0.5,5.9,,,,8.014458045132757,10.524299288779904,0.4449182909334216
T2_brainage,trivial,tabular,noise,0.25,0.0,,,,9.065832593681364,11.628912324109232,-0.1560343872785565
T2_brainage,logreg,tabular,noise,0.25,0.0,,,,6.737394415123016,8.45462895118884,0.6892126564063646
T2_brainage,xgboost,tabular,noise,0.25,0.7,,,,6.536499058868125,8.105263035109848,0.7259895146315688
T2_brainage,tabpfn,tabular,noise,0.25,5.9,,,,6.051728310599785,7.594000658593068,0.7584759791146438
T2_brainage,trivial,tabular,noise,0.5,0.0,,,,9.065832593681364,11.628912324109232,-0.1560343872785565
T2_brainage,logreg,tabular,noise,0.5,0.0,,,,7.405211161422902,9.511314690249055,0.6248819528107604
T2_brainage,xgboost,tabular,noise,0.5,0.7,,,,7.293286243828457,9.185724459760506,0.6430621310271302
T2_brainage,tabpfn,tabular,noise,0.5,6.0,,,,6.675426365052214,8.483221965653515,0.6965921480806131
T2_brainage,trivial,tabular,noise,1.0,0.0,,,,9.065832593681364,11.628912324109232,-0.1560343872785565
T2_brainage,logreg,tabular,noise,1.0,0.0,,,,10.720699750500147,13.362253673434704,0.4910424581478355
T2_brainage,xgboost,tabular,noise,1.0,0.8,,,,9.52585261672643,12.262806353707301,0.46022657921509946
T2_brainage,tabpfn,tabular,noise,1.0,6.0,,,,8.827573286121474,11.315531492820277,0.5441181909558127
